fi;lam
50.25;20.75
50;20.75
50.25;21.25
50;21.25
50.125;21
50.1252704344052;21.0006510711438
