fi_g;lambda_g;h_g
50.25;20.75;100
50;20.75;100
50.25;21.25;100
50;21.25;100
50.125;21;100
50.1252704344052;21.0006510711438;100
